<?xml version="1.0" encoding="UTF-8"?>
<DEFECTS>
  <DEFECT>
    <SFA>
      <FILEPATH>C:\Users\rafae\source\repos\ComputacaoGrafica\ExercicioBase\</FILEPATH>
      <FILENAME>ogldev_util.cpp</FILENAME>
      <LINE>156</LINE>
      <COLUMN>23</COLUMN>
    </SFA>
    <DEFECTCODE>28159</DEFECTCODE>
    <DESCRIPTION>Consider using 'GetTickCount64' instead of 'GetTickCount'. Reason: GetTickCount overflows roughly every 49 days.  Code that does not take that into account can loop indefinitely.  GetTickCount64 operates on 64 bit values and does not have that problem</DESCRIPTION>
    <FUNCTION>GetCurrentTimeMillis</FUNCTION>
    <DECORATED>?GetCurrentTimeMillis@@YA_JXZ</DECORATED>
    <FUNCLINE>153</FUNCLINE>
    <PATH></PATH>
  </DEFECT>
</DEFECTS>