﻿<?xml version="1.0" encoding="utf-8"?><DEFECTS><DEFECT>
    <SFA>
      <FILEPATH>C:\Users\rafae\source\repos\ComputacaoGrafica\Include\</FILEPATH>
      <FILENAME>ogldev_math_3d.h</FILENAME>
      <LINE>40</LINE>
      <COLUMN>4</COLUMN>
    </SFA>
    <DEFECTCODE>26495</DEFECTCODE>
    <DESCRIPTION>Variable 'Vector2f::y' is uninitialized. Always initialize a member variable (type.6).</DESCRIPTION>
    <FUNCTION>Vector2f::{ctor}</FUNCTION>
    <DECORATED>??0Vector2f@@QEAA@XZ</DECORATED>
    <FUNCLINE>40</FUNCLINE>
    <ADDITIONALINFO>
      <targetSymbol>Vector2f::y</targetSymbol>
    </ADDITIONALINFO>
    <PATH></PATH>
  </DEFECT><DEFECT>
    <SFA>
      <FILEPATH>C:\Users\rafae\source\repos\ComputacaoGrafica\Include\</FILEPATH>
      <FILENAME>ogldev_math_3d.h</FILENAME>
      <LINE>58</LINE>
      <COLUMN>4</COLUMN>
    </SFA>
    <DEFECTCODE>26495</DEFECTCODE>
    <DESCRIPTION>Variable 'Vector3f::z' is uninitialized. Always initialize a member variable (type.6).</DESCRIPTION>
    <FUNCTION>Vector3f::{ctor}</FUNCTION>
    <DECORATED>??0Vector3f@@QEAA@XZ</DECORATED>
    <FUNCLINE>58</FUNCLINE>
    <ADDITIONALINFO>
      <targetSymbol>Vector3f::z</targetSymbol>
    </ADDITIONALINFO>
    <PATH></PATH>
  </DEFECT><DEFECT>
    <SFA>
      <FILEPATH>C:\Users\rafae\source\repos\ComputacaoGrafica\Include\</FILEPATH>
      <FILENAME>ogldev_math_3d.h</FILENAME>
      <LINE>132</LINE>
      <COLUMN>4</COLUMN>
    </SFA>
    <DEFECTCODE>26495</DEFECTCODE>
    <DESCRIPTION>Variable 'Vector4f::x' is uninitialized. Always initialize a member variable (type.6).</DESCRIPTION>
    <FUNCTION>Vector4f::{ctor}</FUNCTION>
    <DECORATED>??0Vector4f@@QEAA@XZ</DECORATED>
    <FUNCLINE>132</FUNCLINE>
    <ADDITIONALINFO>
      <targetSymbol>Vector4f::x</targetSymbol>
    </ADDITIONALINFO>
    <PATH></PATH>
  </DEFECT><DEFECT>
    <SFA>
      <FILEPATH>C:\Users\rafae\source\repos\ComputacaoGrafica\Include\</FILEPATH>
      <FILENAME>ogldev_math_3d.h</FILENAME>
      <LINE>247</LINE>
      <COLUMN>4</COLUMN>
    </SFA>
    <DEFECTCODE>26495</DEFECTCODE>
    <DESCRIPTION>Variable 'Matrix4f::m' is uninitialized. Always initialize a member variable (type.6).</DESCRIPTION>
    <FUNCTION>Matrix4f::{ctor}</FUNCTION>
    <DECORATED>??0Matrix4f@@QEAA@XZ</DECORATED>
    <FUNCLINE>247</FUNCLINE>
    <ADDITIONALINFO>
      <targetSymbol>Matrix4f::m</targetSymbol>
    </ADDITIONALINFO>
    <PATH></PATH>
  </DEFECT><DEFECT>
    <SFA>
      <FILEPATH>C:\Users\rafae\source\repos\ComputacaoGrafica\ExercicioBase\</FILEPATH>
      <FILENAME>BuleUtah.cpp</FILENAME>
      <LINE>58</LINE>
      <COLUMN>82</COLUMN>
    </SFA>
    <DEFECTCODE>26451</DEFECTCODE>
    <DESCRIPTION>Arithmetic overflow: Using operator '*' on a 4 byte value and then casting the result to a 8 byte value. Cast the value to the wider type before calling operator '*' to avoid overflow (io.2).</DESCRIPTION>
    <FUNCTION>BuleUtah::calcularPatchBezier</FUNCTION>
    <DECORATED>?calcularPatchBezier@BuleUtah@@AEAA?AUVertex@@PEAU2@AEBM1@Z</DECORATED>
    <FUNCLINE>55</FUNCLINE>
    <PATH></PATH>
  </DEFECT><DEFECT>
    <SFA>
      <FILEPATH>C:\Users\rafae\source\repos\ComputacaoGrafica\ExercicioBase\</FILEPATH>
      <FILENAME>math_3d.cpp</FILENAME>
      <LINE>319</LINE>
      <COLUMN>11</COLUMN>
    </SFA>
    <DEFECTCODE>26451</DEFECTCODE>
    <DESCRIPTION>Arithmetic overflow: Using operator '*' on a 4 byte value and then casting the result to a 8 byte value. Cast the value to the wider type before calling operator '*' to avoid overflow (io.2).</DESCRIPTION>
    <FUNCTION>Quaternion::ToDegrees</FUNCTION>
    <DECORATED>?ToDegrees@Quaternion@@QEAA?AUVector3f@@XZ</DECORATED>
    <FUNCLINE>311</FUNCLINE>
    <PATH></PATH>
  </DEFECT><DEFECT>
    <SFA>
      <FILEPATH>C:\Users\rafae\source\repos\ComputacaoGrafica\ExercicioBase\</FILEPATH>
      <FILENAME>math_3d.cpp</FILENAME>
      <LINE>320</LINE>
      <COLUMN>11</COLUMN>
    </SFA>
    <DEFECTCODE>26451</DEFECTCODE>
    <DESCRIPTION>Arithmetic overflow: Using operator '*' on a 4 byte value and then casting the result to a 8 byte value. Cast the value to the wider type before calling operator '*' to avoid overflow (io.2).</DESCRIPTION>
    <FUNCTION>Quaternion::ToDegrees</FUNCTION>
    <DECORATED>?ToDegrees@Quaternion@@QEAA?AUVector3f@@XZ</DECORATED>
    <FUNCLINE>311</FUNCLINE>
    <PATH></PATH>
  </DEFECT><DEFECT>
    <SFA>
      <FILEPATH>C:\Users\rafae\source\repos\ComputacaoGrafica\ExercicioBase\</FILEPATH>
      <FILENAME>math_3d.cpp</FILENAME>
      <LINE>321</LINE>
      <COLUMN>11</COLUMN>
    </SFA>
    <DEFECTCODE>26451</DEFECTCODE>
    <DESCRIPTION>Arithmetic overflow: Using operator '*' on a 4 byte value and then casting the result to a 8 byte value. Cast the value to the wider type before calling operator '*' to avoid overflow (io.2).</DESCRIPTION>
    <FUNCTION>Quaternion::ToDegrees</FUNCTION>
    <DECORATED>?ToDegrees@Quaternion@@QEAA?AUVector3f@@XZ</DECORATED>
    <FUNCLINE>311</FUNCLINE>
    <PATH></PATH>
  </DEFECT><DEFECT>
    <SFA>
      <FILEPATH>C:\Users\rafae\source\repos\ComputacaoGrafica\ExercicioBase\</FILEPATH>
      <FILENAME>Mesa.cpp</FILENAME>
      <LINE>100</LINE>
      <COLUMN>6</COLUMN>
    </SFA>
    <DEFECTCODE>6262</DEFECTCODE>
    <DESCRIPTION>Function uses '168308' bytes of stack:  exceeds /analyze:stacksize '16384'.  Consider moving some data to heap.</DESCRIPTION>
    <FUNCTION>Mesa::{ctor}</FUNCTION>
    <DECORATED>??0Mesa@@QEAA@PEAI0@Z</DECORATED>
    <FUNCLINE>100</FUNCLINE>
    <PATH></PATH>
  </DEFECT><DEFECT>
    <SFA>
      <FILEPATH>C:\Users\rafae\source\repos\ComputacaoGrafica\ExercicioBase\</FILEPATH>
      <FILENAME>ogldev_util.cpp</FILENAME>
      <LINE>156</LINE>
      <COLUMN>23</COLUMN>
    </SFA>
    <DEFECTCODE>28159</DEFECTCODE>
    <DESCRIPTION>Consider using 'GetTickCount64' instead of 'GetTickCount'. Reason: GetTickCount overflows roughly every 49 days.  Code that does not take that into account can loop indefinitely.  GetTickCount64 operates on 64 bit values and does not have that problem</DESCRIPTION>
    <FUNCTION>GetCurrentTimeMillis</FUNCTION>
    <DECORATED>?GetCurrentTimeMillis@@YA_JXZ</DECORATED>
    <FUNCLINE>153</FUNCLINE>
    <PATH></PATH>
  </DEFECT></DEFECTS>