<?xml version="1.0" encoding="UTF-8"?>
<DEFECTS>
  <DEFECT>
    <SFA>
      <FILEPATH>C:\Users\rafae\source\repos\ComputacaoGrafica\Include\</FILEPATH>
      <FILENAME>ogldev_math_3d.h</FILENAME>
      <LINE>40</LINE>
      <COLUMN>4</COLUMN>
    </SFA>
    <DEFECTCODE>26495</DEFECTCODE>
    <DESCRIPTION>Variable 'Vector2f::y' is uninitialized. Always initialize a member variable (type.6).</DESCRIPTION>
    <FUNCTION>Vector2f::{ctor}</FUNCTION>
    <DECORATED>??0Vector2f@@QEAA@XZ</DECORATED>
    <FUNCLINE>40</FUNCLINE>
    <ADDITIONALINFO>
      <targetSymbol>Vector2f::y</targetSymbol>
    </ADDITIONALINFO>
    <PATH></PATH>
  </DEFECT>
  <DEFECT>
    <SFA>
      <FILEPATH>C:\Users\rafae\source\repos\ComputacaoGrafica\Include\</FILEPATH>
      <FILENAME>ogldev_math_3d.h</FILENAME>
      <LINE>40</LINE>
      <COLUMN>4</COLUMN>
    </SFA>
    <DEFECTCODE>26495</DEFECTCODE>
    <DESCRIPTION>Variable 'Vector2f::x' is uninitialized. Always initialize a member variable (type.6).</DESCRIPTION>
    <FUNCTION>Vector2f::{ctor}</FUNCTION>
    <DECORATED>??0Vector2f@@QEAA@XZ</DECORATED>
    <FUNCLINE>40</FUNCLINE>
    <ADDITIONALINFO>
      <targetSymbol>Vector2f::x</targetSymbol>
    </ADDITIONALINFO>
    <PATH></PATH>
  </DEFECT>
  <DEFECT>
    <SFA>
      <FILEPATH>C:\Users\rafae\source\repos\ComputacaoGrafica\Include\</FILEPATH>
      <FILENAME>ogldev_math_3d.h</FILENAME>
      <LINE>58</LINE>
      <COLUMN>4</COLUMN>
    </SFA>
    <DEFECTCODE>26495</DEFECTCODE>
    <DESCRIPTION>Variable 'Vector3f::z' is uninitialized. Always initialize a member variable (type.6).</DESCRIPTION>
    <FUNCTION>Vector3f::{ctor}</FUNCTION>
    <DECORATED>??0Vector3f@@QEAA@XZ</DECORATED>
    <FUNCLINE>58</FUNCLINE>
    <ADDITIONALINFO>
      <targetSymbol>Vector3f::z</targetSymbol>
    </ADDITIONALINFO>
    <PATH></PATH>
  </DEFECT>
  <DEFECT>
    <SFA>
      <FILEPATH>C:\Users\rafae\source\repos\ComputacaoGrafica\Include\</FILEPATH>
      <FILENAME>ogldev_math_3d.h</FILENAME>
      <LINE>58</LINE>
      <COLUMN>4</COLUMN>
    </SFA>
    <DEFECTCODE>26495</DEFECTCODE>
    <DESCRIPTION>Variable 'Vector3f::y' is uninitialized. Always initialize a member variable (type.6).</DESCRIPTION>
    <FUNCTION>Vector3f::{ctor}</FUNCTION>
    <DECORATED>??0Vector3f@@QEAA@XZ</DECORATED>
    <FUNCLINE>58</FUNCLINE>
    <ADDITIONALINFO>
      <targetSymbol>Vector3f::y</targetSymbol>
    </ADDITIONALINFO>
    <PATH></PATH>
  </DEFECT>
  <DEFECT>
    <SFA>
      <FILEPATH>C:\Users\rafae\source\repos\ComputacaoGrafica\Include\</FILEPATH>
      <FILENAME>ogldev_math_3d.h</FILENAME>
      <LINE>58</LINE>
      <COLUMN>4</COLUMN>
    </SFA>
    <DEFECTCODE>26495</DEFECTCODE>
    <DESCRIPTION>Variable 'Vector3f::x' is uninitialized. Always initialize a member variable (type.6).</DESCRIPTION>
    <FUNCTION>Vector3f::{ctor}</FUNCTION>
    <DECORATED>??0Vector3f@@QEAA@XZ</DECORATED>
    <FUNCLINE>58</FUNCLINE>
    <ADDITIONALINFO>
      <targetSymbol>Vector3f::x</targetSymbol>
    </ADDITIONALINFO>
    <PATH></PATH>
  </DEFECT>
  <DEFECT>
    <SFA>
      <FILEPATH>C:\Users\rafae\source\repos\ComputacaoGrafica\Include\</FILEPATH>
      <FILENAME>ogldev_math_3d.h</FILENAME>
      <LINE>132</LINE>
      <COLUMN>4</COLUMN>
    </SFA>
    <DEFECTCODE>26495</DEFECTCODE>
    <DESCRIPTION>Variable 'Vector4f::x' is uninitialized. Always initialize a member variable (type.6).</DESCRIPTION>
    <FUNCTION>Vector4f::{ctor}</FUNCTION>
    <DECORATED>??0Vector4f@@QEAA@XZ</DECORATED>
    <FUNCLINE>132</FUNCLINE>
    <ADDITIONALINFO>
      <targetSymbol>Vector4f::x</targetSymbol>
    </ADDITIONALINFO>
    <PATH></PATH>
  </DEFECT>
  <DEFECT>
    <SFA>
      <FILEPATH>C:\Users\rafae\source\repos\ComputacaoGrafica\Include\</FILEPATH>
      <FILENAME>ogldev_math_3d.h</FILENAME>
      <LINE>132</LINE>
      <COLUMN>4</COLUMN>
    </SFA>
    <DEFECTCODE>26495</DEFECTCODE>
    <DESCRIPTION>Variable 'Vector4f::z' is uninitialized. Always initialize a member variable (type.6).</DESCRIPTION>
    <FUNCTION>Vector4f::{ctor}</FUNCTION>
    <DECORATED>??0Vector4f@@QEAA@XZ</DECORATED>
    <FUNCLINE>132</FUNCLINE>
    <ADDITIONALINFO>
      <targetSymbol>Vector4f::z</targetSymbol>
    </ADDITIONALINFO>
    <PATH></PATH>
  </DEFECT>
  <DEFECT>
    <SFA>
      <FILEPATH>C:\Users\rafae\source\repos\ComputacaoGrafica\Include\</FILEPATH>
      <FILENAME>ogldev_math_3d.h</FILENAME>
      <LINE>132</LINE>
      <COLUMN>4</COLUMN>
    </SFA>
    <DEFECTCODE>26495</DEFECTCODE>
    <DESCRIPTION>Variable 'Vector4f::y' is uninitialized. Always initialize a member variable (type.6).</DESCRIPTION>
    <FUNCTION>Vector4f::{ctor}</FUNCTION>
    <DECORATED>??0Vector4f@@QEAA@XZ</DECORATED>
    <FUNCLINE>132</FUNCLINE>
    <ADDITIONALINFO>
      <targetSymbol>Vector4f::y</targetSymbol>
    </ADDITIONALINFO>
    <PATH></PATH>
  </DEFECT>
  <DEFECT>
    <SFA>
      <FILEPATH>C:\Users\rafae\source\repos\ComputacaoGrafica\Include\</FILEPATH>
      <FILENAME>ogldev_math_3d.h</FILENAME>
      <LINE>132</LINE>
      <COLUMN>4</COLUMN>
    </SFA>
    <DEFECTCODE>26495</DEFECTCODE>
    <DESCRIPTION>Variable 'Vector4f::w' is uninitialized. Always initialize a member variable (type.6).</DESCRIPTION>
    <FUNCTION>Vector4f::{ctor}</FUNCTION>
    <DECORATED>??0Vector4f@@QEAA@XZ</DECORATED>
    <FUNCLINE>132</FUNCLINE>
    <ADDITIONALINFO>
      <targetSymbol>Vector4f::w</targetSymbol>
    </ADDITIONALINFO>
    <PATH></PATH>
  </DEFECT>
  <DEFECT>
    <SFA>
      <FILEPATH>C:\Users\rafae\source\repos\ComputacaoGrafica\Include\</FILEPATH>
      <FILENAME>ogldev_math_3d.h</FILENAME>
      <LINE>247</LINE>
      <COLUMN>4</COLUMN>
    </SFA>
    <DEFECTCODE>26495</DEFECTCODE>
    <DESCRIPTION>Variable 'Matrix4f::m' is uninitialized. Always initialize a member variable (type.6).</DESCRIPTION>
    <FUNCTION>Matrix4f::{ctor}</FUNCTION>
    <DECORATED>??0Matrix4f@@QEAA@XZ</DECORATED>
    <FUNCLINE>247</FUNCLINE>
    <ADDITIONALINFO>
      <targetSymbol>Matrix4f::m</targetSymbol>
    </ADDITIONALINFO>
    <PATH></PATH>
  </DEFECT>
  <DEFECT>
    <SFA>
      <FILEPATH>C:\Users\rafae\source\repos\ComputacaoGrafica\ExercicioBase\</FILEPATH>
      <FILENAME>Mesa.cpp</FILENAME>
      <LINE>100</LINE>
      <COLUMN>6</COLUMN>
    </SFA>
    <DEFECTCODE>6262</DEFECTCODE>
    <DESCRIPTION>Function uses '168308' bytes of stack:  exceeds /analyze:stacksize '16384'.  Consider moving some data to heap.</DESCRIPTION>
    <FUNCTION>Mesa::{ctor}</FUNCTION>
    <DECORATED>??0Mesa@@QEAA@PEAI0@Z</DECORATED>
    <FUNCLINE>100</FUNCLINE>
    <PATH></PATH>
  </DEFECT>
</DEFECTS>